{"cameraMode":{"drawMode":0,"name":"Shaded","section":"Shading Mode"},"sceneLighting":true,"audioPlay":false,"sceneViewState":{"showFog":true,"showMaterialUpdate":false,"showSkybox":true,"showFlares":true,"showImageEffects":true,"showParticleSystems":true,"showVisualEffectGraphs":true,"m_FxEnabled":true},"in2DMode":false,"pivot":{"x":38.042686462402347,"y":9.196167945861817,"z":-922.2478637695313},"rotation":{"x":0.00030003194115124643,"y":0.9997684955596924,"z":-0.01680862531065941,"w":0.01744697242975235},"size":18.538860321044923,"orthographic":false}