{"cameraMode":{"drawMode":0,"name":"Shaded","section":"Shading Mode"},"sceneLighting":false,"audioPlay":false,"sceneViewState":{"showFog":true,"showMaterialUpdate":false,"showSkybox":false,"showFlares":true,"showImageEffects":true,"showParticleSystems":true,"showVisualEffectGraphs":true,"m_FxEnabled":true},"in2DMode":false,"pivot":{"x":-10.478340148925782,"y":3.6102137565612795,"z":5.303721904754639},"rotation":{"x":0.061005450785160068,"y":-0.48568102717399599,"z":0.034002967178821567,"w":0.8713456392288208},"size":6.843502044677734,"orthographic":false}