{"cameraMode":{"drawMode":0,"name":"Shaded","section":"Shading Mode"},"sceneLighting":false,"audioPlay":false,"sceneViewState":{"showFog":true,"showMaterialUpdate":false,"showSkybox":false,"showFlares":true,"showImageEffects":true,"showParticleSystems":true,"showVisualEffectGraphs":true,"m_FxEnabled":true},"in2DMode":false,"pivot":{"x":-0.9865758419036865,"y":0.39000004529953005,"z":11.965843200683594},"rotation":{"x":0.01503183227032423,"y":0.9710021615028381,"z":-0.23023419082164765,"w":0.0633295401930809},"size":4.2274909019470219,"orthographic":false}