{"cameraMode":{"drawMode":0,"name":"Shaded","section":"Shading Mode"},"sceneLighting":false,"audioPlay":false,"sceneViewState":{"showFog":true,"showMaterialUpdate":false,"showSkybox":false,"showFlares":true,"showImageEffects":true,"showParticleSystems":true,"showVisualEffectGraphs":true,"m_FxEnabled":true},"in2DMode":false,"pivot":{"x":-1.0600707530975342,"y":5.189403057098389,"z":0.036850593984127048},"rotation":{"x":0.10603182762861252,"y":-0.7913985848426819,"z":0.1435185670852661,"w":0.5846867561340332},"size":1.7275373935699463,"orthographic":false}