{"cameraMode":{"drawMode":0,"name":"Shaded","section":"Shading Mode"},"sceneLighting":true,"audioPlay":false,"sceneViewState":{"showFog":true,"showMaterialUpdate":false,"showSkybox":false,"showFlares":true,"showImageEffects":true,"showParticleSystems":true,"showVisualEffectGraphs":true,"m_FxEnabled":true},"in2DMode":false,"pivot":{"x":32.057621002197269,"y":13.17587661743164,"z":-968.9511108398438},"rotation":{"x":0.0014764921506866813,"y":0.9972403049468994,"z":-0.07223757356405258,"w":0.02039567194879055},"size":41.32302474975586,"orthographic":false}