{"cameraMode":{"drawMode":0,"name":"Shaded","section":"Shading Mode"},"sceneLighting":false,"audioPlay":false,"sceneViewState":{"showFog":true,"showMaterialUpdate":false,"showSkybox":false,"showFlares":true,"showImageEffects":true,"showParticleSystems":true,"showVisualEffectGraphs":true,"m_FxEnabled":true},"in2DMode":false,"pivot":{"x":-0.22301633656024934,"y":0.6115431189537048,"z":1.0102524757385255},"rotation":{"x":0.09165435284376145,"y":-0.02539282664656639,"z":0.002359876176342368,"w":0.9954907894134522},"size":1.5797958374023438,"orthographic":false}